,45A,60A,150A,450A
HFR Gamry (intercept),46.707184820382594,47.11459270638166,45.172046679511595,44.37762636105812
HFR CSV agg (intercept),50.73254482161197,49.992190619906474,46.668400020608374,46.871929725570084
Vdc Gamry,,,,
Gamry fmax,30046.88,30046.88,30046.88,30046.88
Re 0.25Hz Gamry,389.06333341598594,326.1408460627072,212.26522852295093,139.7511216967208
Re 0.25Hz FAMOS,416.5415336493431,350.76332445734704,240.5257065473696,168.6904535837722
Re 0.25Hz CSV,413.6147142922076,335.5673964883883,215.6397755266693,147.89896500887903
Re 1Hz Gamry,389.09764158574666,327.64534275386796,210.33402122818202,143.4507914078933
Re 1Hz FAMOS,412.10104194106367,348.22617004140386,236.00795305224221,167.43984694715098
Re 1Hz CSV,412.03494234683785,336.56565989364145,216.05147585542997,148.21260866644155
Re 10Hz Gamry,253.77238511188295,237.29791126316297,163.91404598438044,112.08759475940255
Re 10Hz FAMOS,269.9363981934262,253.24802693024915,181.26196308731753,137.50792079701986
Re 10Hz CSV,265.1346548092439,233.42253629271246,159.43339612560862,114.3721287387909
Re 100Hz Gamry,75.87248417550495,79.36084538882737,80.62766739123512,79.9106204425585
Re 100Hz FAMOS,83.62797020379959,85.36356421289182,91.5201639821278,91.33028844536952
Re 100Hz CSV,87.08628957426313,76.92236736718283,76.60284227931487,80.24625490052021
Re 1000Hz Gamry,53.71061118965759,54.34594027124218,52.117148611494194,50.92886851118022
Re 1000Hz FAMOS,62.0673123356358,62.507706816747735,61.91040440300632,61.13975853652585
Re 1000Hz CSV,60.40476254451822,56.930786150304385,52.537671450471585,54.48728051133895
-Im max Gamry,141.47271579,111.86930401000001,53.15882716,27.888245614
-Im max FAMOS,148.092,118.697,55.9527,31.4817
-Im max CSV,143.113,111.138,55.0382,29.804
