Step,Comment,Step time,delay_time,I_S,FR_Si_CL,T_Si_CL,dT_CL,dP_CL,p_So_CL,cooling_control_option,FN_Si_N2,FN_Si_H2,p_Si_A,p_So_A,T_Si_A,RH_Si_A,DPT_A,T_Bubbler_A,STC_A,CMP_A,press_control_option,FN_Si_C,p_So_C,T_Si_C,RH_Si_C,DPT_C,T_Bubbler_C,STC_C,Gas_C,hum_option,pressure_ramp_rate,Gamry
1,Conditioning,600,15.0,300,0.6,65.0,1.0,,,FN,,3.14,,2.2,70.0,40.0,45.8,64.9,,70,OUT,9.0,2.0,70.0,51.2,50.8,62.9,,AIR,DPT,10,
2,Pol curve,30,15.0,0,0.6,65.0,1.0,,,FN,,1.88,,1.4,70.0,82.1,60.7,64.9,,70,OUT,5.31,1.2,70.0,73.3,58.2,62.9,,AIR,DPT,25,
3,Pol curve,120,15.0,15,0.6,65.0,1.0,,,FN,,1.88,,1.4,70.0,79.5,59.9,64.9,,70,OUT,5.31,1.2,70.0,72.2,57.9,62.9,,AIR,DPT,10,
4,Pol curve,120,10.0,30,0.6,65.0,1.0,,,FN,,1.88,,1.4,70.0,76.8,59.2,64.9,,70,OUT,5.31,1.2,70.0,71.0,57.6,62.9,,AIR,DPT,10,
5,Pol curve,120,15.0,45,0.6,65.0,1.0,,,FN,,1.88,,1.42,70.0,74.2,58.5,64.9,,70,OUT,5.31,1.22,70.0,69.9,57.2,62.9,,AIR,DPT,10,
6,Pol curve,360,10.0,60,0.6,65.0,1.0,,,FN,,1.88,,1.46,70.0,71.5,57.7,64.9,,70,OUT,5.31,1.26,70.0,68.8,56.9,62.9,,AIR,DPT,10,
7,Pol curve,360,10.0,90,0.6,65.0,1.0,,,FN,,1.88,,1.56,70.0,66.2,56.1,64.9,,70,OUT,5.31,1.36,70.0,66.6,56.2,62.9,,AIR,DPT,10,
8,Pol curve,360,15.0,150,0.6,65.0,1.0,,,FN,,1.88,,1.74,70.0,55.6,52.4,64.9,,70,OUT,5.31,1.54,70.0,62.2,54.8,62.9,,AIR,DPT,10,
9,Pol curve,360,15.0,210,0.6,65.0,1.0,,,FN,,2.2,,1.93,70.0,45.0,48.2,64.9,,70,OUT,6.3,1.73,70.0,57.8,53.2,62.9,,AIR,DPT,10,
10,Pol curve,360,15.0,300,0.6,65.0,1.0,,,FN,,3.14,,2.2,70.0,40.0,45.8,64.9,,70,OUT,9.0,2.0,70.0,51.2,50.8,62.9,,AIR,DPT,10,
11,Pol curve,360,15.0,360,0.6,65.0,1.0,,,FN,,3.76,,2.2,70.0,40.0,45.8,64.9,,70,OUT,10.8,2.0,70.0,46.8,49.0,62.9,,AIR,DPT,10,
12,Pol curve,360,15.0,450,0.6,65.0,1.0,,,FN,,4.7,,2.2,70.0,40.0,45.8,64.9,,70,OUT,13.51,2.0,70.0,40.2,46.0,62.9,,AIR,DPT,10,
13,Pol curve,360,15.0,611,0.6,65.0,1.0,,,FN,,6.39,,2.2,70.0,40.0,45.8,64.9,,70,OUT,18.34,2.0,70.0,28.4,39.3,62.9,,AIR,DPT,10,1
14,Pol curve,360,15.0,450,0.6,65.0,1.0,,,FN,,4.7,,2.2,70.0,40.0,45.8,64.9,,70,OUT,13.51,2.0,70.0,40.2,46.0,62.9,,AIR,DPT,25,1
15,Pol curve,360,15.0,360,0.6,65.0,1.0,,,FN,,3.76,,2.2,70.0,40.0,45.8,64.9,,70,OUT,10.8,2.0,70.0,46.8,49.0,62.9,,AIR,DPT,25,1
16,Pol curve,360,15.0,300,0.6,65.0,1.0,,,FN,,3.14,,2.2,70.0,40.0,45.8,64.9,,70,OUT,9.0,2.0,70.0,51.2,50.8,62.9,,AIR,DPT,25,1
17,Pol curve,360,15.0,210,0.6,65.0,1.0,,,FN,,2.2,,1.93,70.0,45.0,48.2,64.9,,70,OUT,6.3,1.73,70.0,57.8,53.2,62.9,,AIR,DPT,25,1
18,Pol curve,360,15.0,150,0.6,65.0,1.0,,,FN,,1.88,,1.74,70.0,55.6,52.4,64.9,,70,OUT,5.31,1.54,70.0,62.2,54.8,62.9,,AIR,DPT,25,1
19,Pol curve,360,15.0,90,0.6,65.0,1.0,,,FN,,1.88,,1.56,70.0,66.2,56.1,64.9,,70,OUT,5.31,1.36,70.0,66.6,56.2,62.9,,AIR,DPT,25,1
20,Pol curve,360,15.0,60,0.6,65.0,1.0,,,FN,,1.88,,1.46,70.0,71.5,57.7,64.9,,70,OUT,5.31,1.26,70.0,68.8,56.9,62.9,,AIR,DPT,25,1
21,Pol curve,120,15.0,45,0.6,65.0,1.0,,,FN,,1.88,,1.42,70.0,74.2,58.5,64.9,,70,OUT,5.31,1.22,70.0,69.9,57.2,62.9,,AIR,DPT,25,1
22,Pol curve,120,15.0,30,0.6,65.0,1.0,,,FN,,1.88,,1.4,70.0,76.8,59.2,64.9,,70,OUT,5.31,1.2,70.0,71.0,57.6,62.9,,AIR,DPT,25,1
23,Pol curve,120,15.0,15,0.6,65.0,1.0,,,FN,,1.88,,1.4,70.0,79.5,59.9,64.9,,70,OUT,5.31,1.2,70.0,72.2,57.9,62.9,,AIR,DPT,25,1
24,Pol curve,30,15.0,0,0.6,65.0,1.0,,,FN,,1.88,,1.4,70.0,82.1,60.7,64.9,,70,OUT,5.31,1.2,70.0,73.3,58.2,62.9,,AIR,DPT,25,
25,Pol curve,30,15.0,15,0.6,65.0,1.0,,,FN,,1.88,,1.4,70.0,79.5,59.9,64.9,,70,OUT,5.31,1.2,70.0,72.2,57.9,62.9,,AIR,DPT,10,
