cond,transform,R_ohmic,ReZ_1kHz,R_ct,R_mt,R_pol,Z_mag_100Hz,phase_100Hz,tau_peak,T_degC
45A,identity,0.36,0.21,-0.34,-0.58,-0.32,0.07,0.77,0.39,0.95
45A,mirror x,0.35,0.15,0.71,0.01,-0.38,0.38,0.41,-0.79,-0.72
45A,mirror y,-0.0,0.29,-0.37,-0.62,-0.37,-0.06,0.47,0.45,0.95
45A,rotate 180,0.01,0.41,0.67,0.0,-0.22,0.44,0.15,-0.74,-0.72
60A,identity,0.39,0.24,-0.16,-0.48,-0.18,0.02,0.73,0.05,0.99
60A,mirror x,0.4,0.24,0.32,0.15,-0.18,0.54,0.51,0.05,-0.76
60A,mirror y,0.04,0.29,-0.14,-0.51,-0.26,-0.06,0.4,-0.12,0.99
60A,rotate 180,0.07,0.47,0.19,0.22,0.05,0.59,0.19,0.06,-0.76
150A,identity,0.38,0.26,0.29,0.26,-0.66,0.34,0.42,-0.54,0.12
150A,mirror x,0.39,0.21,-0.19,-0.14,0.82,0.24,0.54,0.56,0.12
150A,mirror y,0.05,0.33,0.45,0.18,-0.67,0.22,-0.26,-0.48,0.12
150A,rotate 180,0.13,0.5,-0.06,-0.11,0.86,0.34,-0.12,0.54,0.12
450A,identity,0.37,0.3,0.12,-0.75,-0.76,0.27,-0.81,-0.13,-1.0
450A,mirror x,0.57,0.36,-0.09,0.95,0.97,0.41,0.88,-0.0,1.0
450A,mirror y,0.04,0.34,0.01,-0.75,-0.76,0.15,-0.92,-0.08,-1.0
450A,rotate 180,0.29,0.57,-0.2,0.96,0.97,0.51,0.77,-0.11,1.0
