condition,segment,air_path_position,n_points,n_steps_recorded,lf_points_kept_pct,lf_dev_from_smooth_pct,hf_dev_from_smooth_pct,lf_snr_seg_db,lf_thd_pct,verdict
45A,1,0.94,43,45,95,1.4,2.4,8.1,4.2,clean
45A,2,0.96,43,45,95,1.4,2.4,8.0,4.2,clean
45A,3,0.96,43,45,95,1.4,2.3,8.1,4.2,clean
45A,4,0.94,43,45,95,1.4,2.3,8.1,4.2,clean
45A,5,0.84,43,45,95,1.4,2.5,8.0,4.3,clean
45A,6,0.84,43,45,95,1.5,2.1,7.9,4.3,clean
45A,7,0.84,43,45,95,1.4,2.4,8.1,4.3,clean
45A,8,0.84,43,45,95,1.3,2.4,8.1,4.2,clean
45A,9,0.71,43,45,95,1.6,3.8,7.9,4.4,clean
45A,10,0.71,43,45,95,1.6,2.6,7.9,4.4,clean
45A,11,0.71,41,45,95,1.5,4.2,8.0,4.4,clean
45A,12,0.71,43,45,95,1.5,4.1,8.0,4.3,clean
45A,13,0.61,43,45,95,1.6,2.3,8.0,4.4,clean
45A,14,0.61,43,45,95,1.6,2.3,8.0,4.4,clean
45A,15,0.61,41,45,95,1.2,6.6,8.0,4.3,clean
45A,16,0.61,42,45,95,1.5,4.6,7.9,4.3,clean
45A,17,0.5,43,45,95,1.6,3.5,7.4,4.4,clean
45A,18,0.5,43,45,95,1.6,3.5,7.9,4.3,clean
45A,19,0.5,41,45,95,1.5,6.1,7.7,4.4,clean
45A,20,0.5,42,45,95,1.5,5.7,7.9,4.4,clean
45A,21,0.39,43,45,95,1.4,2.9,7.3,4.3,clean
45A,22,0.39,43,45,95,1.6,4.0,7.4,4.5,clean
45A,23,0.39,41,45,95,1.5,6.4,8.0,4.3,clean
45A,24,0.39,41,45,95,1.4,5.0,8.0,4.3,clean
45A,25,0.29,43,45,95,1.2,3.1,8.0,4.4,clean
45A,26,0.29,43,45,95,1.5,4.1,8.0,4.4,clean
45A,27,0.29,42,45,95,1.5,5.7,8.0,4.2,clean
45A,28,0.29,43,45,95,1.4,4.1,8.0,4.3,clean
45A,29,0.16,43,45,95,1.3,3.6,7.6,4.3,clean
45A,30,0.16,43,45,95,1.6,6.5,8.0,4.2,clean
45A,31,0.16,41,45,95,1.5,4.6,8.1,4.2,clean
45A,32,0.16,42,45,95,1.4,4.4,8.1,4.2,clean
45A,34,0.04,43,45,100,1.4,5.7,8.0,4.0,clean
45A,35,0.04,42,45,100,1.3,6.0,8.1,4.1,clean
45A,36,0.06,42,45,100,2.8,5.2,8.1,3.9,clean
45A,37,0.97,43,45,95,1.4,5.9,8.0,4.3,clean
45A,38,0.98,43,45,95,1.3,5.3,8.1,4.3,clean
45A,39,0.99,43,45,95,1.3,5.4,8.0,4.2,clean
45A,40,0.99,43,45,95,1.4,5.6,8.1,4.1,clean
45A,41,0.98,43,45,95,1.4,5.6,8.1,4.2,clean
45A,42,0.97,43,45,95,1.4,5.6,8.0,4.0,clean
45A,43,0.89,43,45,95,1.3,4.9,8.0,4.1,clean
45A,44,0.9,43,45,95,1.3,4.6,8.1,4.3,clean
45A,45,0.9,43,45,95,1.4,4.8,8.1,4.3,clean
45A,46,0.9,43,45,95,1.3,4.7,8.0,4.3,clean
45A,47,0.9,43,45,95,1.4,4.6,8.0,4.3,clean
45A,48,0.89,43,45,95,1.4,4.7,8.1,4.2,clean
45A,49,0.78,43,45,95,1.4,4.6,8.1,4.2,clean
45A,50,0.79,43,45,95,1.5,5.0,8.0,4.4,clean
45A,51,0.79,43,45,95,1.5,4.7,8.0,4.4,clean
45A,52,0.79,41,45,95,1.4,5.7,8.0,4.4,clean
45A,53,0.79,43,45,95,1.3,4.6,8.1,4.3,clean
45A,54,0.78,43,45,95,1.3,2.8,8.1,4.2,clean
45A,55,0.22,43,45,95,1.5,3.0,8.1,4.3,clean
45A,56,0.21,43,45,95,1.6,2.8,8.1,4.3,clean
45A,57,0.21,43,45,95,1.6,4.6,8.1,4.3,clean
45A,58,0.21,42,45,95,1.6,5.0,7.7,4.5,clean
45A,59,0.21,43,45,95,1.5,2.4,8.1,4.2,clean
45A,60,0.22,43,45,95,1.5,3.5,8.1,4.1,clean
45A,61,0.11,43,45,95,1.5,3.1,8.0,4.2,clean
45A,62,0.1,43,45,95,1.4,3.4,8.1,4.1,clean
45A,63,0.1,43,45,95,1.4,4.5,8.0,4.2,clean
45A,64,0.1,43,45,100,1.2,4.9,8.1,4.0,clean
45A,69,0.01,44,45,100,1.2,6.3,8.0,3.9,clean
45A,70,0.01,42,45,100,1.2,5.7,8.1,4.0,clean
45A,71,0.02,42,45,100,1.1,4.9,8.1,3.9,clean
45A,72,0.03,43,45,100,1.1,4.8,8.1,3.9,clean
60A,1,0.94,43,45,100,1.7,2.8,6.3,4.6,clean
60A,2,0.96,43,45,100,1.8,2.8,6.3,4.5,clean
60A,3,0.96,43,45,100,1.7,2.9,6.4,4.6,clean
60A,4,0.94,43,45,100,1.7,2.8,6.3,4.4,clean
60A,5,0.84,43,45,100,1.8,2.8,6.3,4.5,clean
60A,6,0.84,43,45,100,1.8,2.5,6.2,4.7,clean
60A,7,0.84,43,45,100,1.8,3.0,6.3,4.6,clean
60A,8,0.84,43,45,100,1.6,2.8,6.3,4.5,clean
60A,9,0.71,43,45,100,1.7,3.5,6.2,4.7,clean
60A,10,0.71,43,45,100,1.6,2.9,6.2,4.7,clean
60A,11,0.71,42,45,100,1.6,6.3,6.2,4.7,clean
60A,12,0.71,43,45,100,1.8,3.8,6.3,4.6,clean
60A,13,0.61,43,45,100,1.5,2.7,6.2,4.7,clean
60A,14,0.61,43,45,100,1.4,2.8,6.2,4.7,clean
60A,15,0.61,41,45,100,1.4,3.8,6.2,4.8,clean
60A,16,0.61,42,45,100,1.5,5.0,6.1,4.6,clean
60A,17,0.5,43,45,100,1.6,2.0,5.7,4.7,clean
60A,18,0.5,43,45,100,1.4,2.7,6.1,4.7,clean
60A,19,0.5,42,45,100,1.4,8.0,5.9,4.7,clean
60A,20,0.5,42,45,100,1.5,6.0,6.1,4.8,clean
60A,21,0.39,43,45,100,1.6,2.8,5.6,4.4,clean
60A,22,0.39,43,45,100,1.5,2.3,5.6,4.8,clean
60A,23,0.39,42,45,100,1.6,8.1,6.2,4.6,clean
60A,24,0.39,42,45,100,1.5,7.2,6.2,4.7,clean
60A,25,0.29,43,45,100,1.6,2.9,6.1,4.7,clean
60A,26,0.29,42,45,95,1.6,3.2,6.1,4.8,clean
60A,27,0.29,42,45,100,1.6,6.1,6.1,4.6,clean
60A,28,0.29,43,45,100,1.4,3.1,6.1,4.6,clean
60A,29,0.16,43,45,100,1.3,3.1,5.8,4.5,clean
60A,30,0.16,43,45,100,1.6,5.4,6.1,4.7,clean
60A,31,0.16,42,45,100,1.5,5.8,6.2,4.7,clean
60A,32,0.16,42,45,100,1.3,4.4,6.1,4.7,clean
60A,34,0.04,42,45,100,1.3,4.2,6.1,4.6,clean
60A,35,0.04,41,45,100,1.2,3.8,6.1,4.7,clean
60A,36,0.06,42,45,100,2.6,5.0,6.1,4.7,clean
60A,37,0.97,43,45,100,1.7,4.3,6.3,4.5,clean
60A,38,0.98,43,45,100,1.8,4.0,6.3,4.6,clean
60A,39,0.99,43,45,100,1.8,4.1,6.3,4.6,clean
60A,40,0.99,43,45,100,1.8,4.3,6.3,4.6,clean
60A,41,0.98,43,45,100,1.6,4.3,6.3,4.6,clean
60A,42,0.97,43,45,100,1.6,4.2,6.3,4.7,clean
60A,43,0.89,43,45,100,1.7,4.6,6.3,4.6,clean
60A,44,0.9,43,45,100,1.7,4.4,6.3,4.6,clean
60A,45,0.9,43,45,100,1.8,4.5,6.3,4.6,clean
60A,46,0.9,43,45,100,1.7,4.4,6.3,4.6,clean
60A,47,0.9,43,45,100,1.6,4.1,6.3,4.6,clean
60A,48,0.89,43,45,100,1.6,4.2,6.3,4.5,clean
60A,49,0.78,43,45,100,1.8,4.2,6.3,4.6,clean
60A,50,0.79,43,45,100,1.7,4.7,6.3,4.7,clean
60A,51,0.79,43,45,100,1.6,4.5,6.2,4.7,clean
60A,52,0.79,41,45,100,1.8,3.8,6.3,4.7,clean
60A,53,0.79,43,45,100,1.7,4.3,6.3,4.6,clean
60A,54,0.78,43,45,100,1.6,2.9,6.3,4.6,clean
60A,55,0.22,43,45,100,1.5,3.2,6.2,4.6,clean
60A,56,0.21,43,45,100,1.6,3.2,6.2,4.6,clean
60A,57,0.21,43,45,100,1.6,3.9,6.2,4.6,clean
60A,58,0.21,41,45,95,1.6,5.2,5.8,4.7,clean
60A,59,0.21,43,45,100,1.4,2.6,6.2,4.7,clean
60A,60,0.22,43,45,100,1.3,3.1,6.1,4.7,clean
60A,61,0.11,43,45,100,1.4,3.4,6.1,4.6,clean
60A,62,0.1,43,45,100,1.5,3.5,6.1,4.7,clean
60A,63,0.1,43,45,100,1.4,3.9,6.1,4.7,clean
60A,64,0.1,42,45,100,1.3,5.1,6.1,4.7,clean
60A,69,0.01,43,45,100,1.0,5.0,6.1,4.7,clean
60A,70,0.01,41,45,100,0.9,5.0,6.1,4.7,clean
60A,71,0.02,41,45,100,0.7,4.4,6.1,4.8,clean
60A,72,0.03,42,45,100,0.7,5.0,6.1,4.7,clean
150A,1,0.94,43,45,95,5.7,1.4,7.7,5.5,noisy below 20 Hz
150A,2,0.96,43,45,95,5.2,1.5,7.8,5.0,noisy below 20 Hz
150A,3,0.96,43,45,95,5.4,1.6,7.8,5.2,noisy below 20 Hz
150A,4,0.94,43,45,95,5.3,1.6,7.8,5.7,noisy below 20 Hz
150A,5,0.84,43,45,95,4.8,1.5,7.9,4.9,noisy below 20 Hz
150A,6,0.84,43,45,95,4.3,1.4,7.8,4.6,noisy below 20 Hz
150A,7,0.84,43,45,95,4.4,1.6,7.9,4.7,noisy below 20 Hz
150A,8,0.84,43,45,95,4.7,1.5,7.9,4.8,noisy below 20 Hz
150A,9,0.71,43,45,95,3.7,1.5,7.9,4.4,noisy below 20 Hz
150A,10,0.71,43,45,95,3.5,1.5,8.0,3.9,noisy below 20 Hz
150A,11,0.71,41,45,95,3.6,6.1,8.0,4.0,noisy below 20 Hz
150A,12,0.71,43,45,95,3.7,1.7,8.0,4.2,noisy below 20 Hz
150A,13,0.61,43,45,95,3.2,1.5,8.1,4.2,noisy below 20 Hz
150A,14,0.61,43,45,95,3.1,1.5,8.1,3.9,noisy below 20 Hz
150A,15,0.61,41,45,95,3.2,9.0,8.1,4.0,noisy below 20 Hz
150A,16,0.61,42,45,95,3.4,8.3,8.0,4.1,noisy below 20 Hz
150A,17,0.5,43,45,95,2.8,2.3,7.7,4.0,clean
150A,18,0.5,43,45,95,2.6,2.2,8.2,3.9,clean
150A,19,0.5,42,45,95,2.7,10.7,7.9,3.9,clean
150A,20,0.5,42,45,95,2.8,9.4,8.1,3.9,clean
150A,21,0.39,43,45,95,2.4,2.1,7.6,4.3,clean
150A,22,0.39,43,45,95,2.3,2.0,7.7,4.1,clean
150A,23,0.39,41,45,95,2.2,8.8,8.3,3.9,clean
150A,24,0.39,42,45,95,2.3,10.0,8.3,3.9,clean
150A,25,0.29,43,45,95,2.0,1.6,8.3,4.2,clean
150A,26,0.29,43,45,95,2.0,1.9,8.3,4.2,clean
150A,27,0.29,42,45,95,2.0,8.9,8.3,4.3,clean
150A,28,0.29,43,45,95,1.9,2.3,8.3,4.2,clean
150A,29,0.16,43,45,95,1.7,1.5,7.9,4.1,clean
150A,30,0.16,43,45,95,1.6,7.5,8.3,4.1,clean
150A,31,0.16,41,45,95,1.6,5.8,8.4,4.2,clean
150A,32,0.16,42,45,95,1.5,5.8,8.3,4.2,clean
150A,34,0.04,42,45,95,1.3,5.8,8.3,4.1,clean
150A,35,0.04,41,45,95,1.2,5.3,8.4,4.1,clean
150A,36,0.06,41,45,95,1.7,4.7,8.3,4.1,clean
150A,37,0.97,43,45,95,5.7,6.2,7.6,5.6,noisy below 20 Hz
150A,38,0.98,43,45,95,5.5,6.0,7.7,5.4,noisy below 20 Hz
150A,39,0.99,43,45,95,5.5,6.2,7.7,5.3,noisy below 20 Hz
150A,40,0.99,43,45,95,5.5,6.2,7.7,5.5,noisy below 20 Hz
150A,41,0.98,43,45,95,5.3,6.1,7.7,5.5,noisy below 20 Hz
150A,42,0.97,43,45,95,5.1,6.3,7.7,5.4,noisy below 20 Hz
150A,43,0.89,43,45,95,5.4,6.8,7.7,5.3,noisy below 20 Hz
150A,44,0.9,43,45,95,5.0,6.5,7.9,4.9,noisy below 20 Hz
150A,45,0.9,43,45,95,5.0,6.4,7.9,4.9,noisy below 20 Hz
150A,46,0.9,43,45,95,5.1,6.5,7.8,4.9,noisy below 20 Hz
150A,47,0.9,43,45,95,5.3,6.2,7.8,5.1,noisy below 20 Hz
150A,48,0.89,43,45,95,4.9,6.3,7.8,5.0,noisy below 20 Hz
150A,49,0.78,43,45,95,4.2,6.3,7.9,4.7,noisy below 20 Hz
150A,50,0.79,43,45,95,4.1,6.7,8.0,4.3,noisy below 20 Hz
150A,51,0.79,43,45,95,3.8,6.4,8.0,4.1,noisy below 20 Hz
150A,52,0.79,41,45,95,4.1,7.1,8.0,4.3,noisy below 20 Hz
150A,53,0.79,43,45,95,4.3,6.3,8.0,4.7,noisy below 20 Hz
150A,54,0.78,43,45,95,4.1,1.9,8.0,4.6,noisy below 20 Hz
150A,55,0.22,43,45,95,1.6,4.6,8.4,4.1,clean
150A,56,0.21,43,45,95,1.6,3.9,8.3,4.1,clean
150A,57,0.21,43,45,95,1.6,5.7,8.3,4.1,clean
150A,58,0.21,42,45,95,1.7,6.5,8.0,4.0,clean
150A,59,0.21,43,45,95,1.6,1.3,8.4,4.2,clean
150A,60,0.22,43,45,95,1.6,5.2,8.3,4.3,clean
150A,61,0.11,43,45,95,1.4,4.7,8.3,4.1,clean
150A,62,0.1,43,45,95,1.5,4.8,8.4,4.1,clean
150A,63,0.1,43,45,95,1.4,5.3,8.3,4.0,clean
150A,64,0.1,42,45,95,1.4,6.3,8.4,4.1,clean
150A,69,0.01,43,45,95,1.2,7.7,8.3,4.1,clean
150A,70,0.01,41,45,95,1.1,6.5,8.3,4.1,clean
150A,71,0.02,41,45,95,1.0,5.9,8.3,4.1,clean
150A,72,0.03,42,45,95,1.0,6.0,8.3,4.1,clean
450A,1,0.94,35,45,62,11.7,2.4,5.2,7.2,unreliable below 20 Hz
450A,2,0.96,37,45,71,10.7,2.4,6.2,5.9,unreliable below 20 Hz
450A,3,0.96,35,45,62,10.1,2.5,5.5,7.3,unreliable below 20 Hz
450A,4,0.94,35,45,62,10.9,2.5,5.1,7.1,unreliable below 20 Hz
450A,5,0.84,39,45,81,10.4,2.4,6.5,6.2,unreliable below 20 Hz
450A,6,0.84,40,45,86,9.3,2.0,7.2,5.7,unreliable below 20 Hz
450A,7,0.84,40,45,86,9.4,2.5,6.9,5.7,unreliable below 20 Hz
450A,8,0.84,39,45,81,9.3,2.2,6.7,5.7,unreliable below 20 Hz
450A,9,0.71,40,45,86,7.3,3.0,7.5,5.3,noisy below 20 Hz
450A,10,0.71,40,45,86,7.0,2.0,7.8,4.6,noisy below 20 Hz
450A,11,0.71,39,45,86,6.9,5.5,7.8,5.1,noisy below 20 Hz
450A,12,0.71,40,45,86,7.4,3.3,7.7,5.5,noisy below 20 Hz
450A,13,0.61,40,45,86,5.5,2.0,8.0,3.6,noisy below 20 Hz
450A,14,0.61,40,45,86,5.4,2.0,8.1,3.6,noisy below 20 Hz
450A,15,0.61,39,45,90,5.6,5.1,8.1,4.3,noisy below 20 Hz
450A,16,0.61,40,45,90,5.4,4.8,8.0,4.0,noisy below 20 Hz
450A,17,0.5,41,45,90,4.4,3.3,7.6,3.4,noisy below 20 Hz
450A,18,0.5,41,45,90,3.9,3.0,8.0,3.4,noisy below 20 Hz
450A,19,0.5,40,45,90,4.3,7.3,7.9,3.5,noisy below 20 Hz
450A,20,0.5,40,45,90,4.1,6.1,8.1,3.8,noisy below 20 Hz
450A,21,0.39,41,45,90,3.4,3.0,7.5,3.8,noisy below 20 Hz
450A,22,0.39,41,45,90,3.2,3.0,7.5,3.5,noisy below 20 Hz
450A,23,0.39,40,45,90,3.3,6.7,8.1,3.4,noisy below 20 Hz
450A,24,0.39,40,45,90,3.3,6.5,8.1,3.4,noisy below 20 Hz
450A,25,0.29,41,45,90,2.8,2.8,7.9,3.8,clean
450A,26,0.29,41,45,90,2.8,2.8,7.9,3.7,clean
450A,27,0.29,40,45,90,2.8,5.0,8.0,3.6,clean
450A,28,0.29,41,45,90,2.8,3.1,8.0,3.7,clean
450A,29,0.16,41,45,90,2.3,2.4,7.5,4.0,clean
450A,30,0.16,40,45,86,2.3,3.9,7.7,4.2,clean
450A,31,0.16,39,45,86,2.4,4.0,7.9,4.1,clean
450A,32,0.16,39,45,86,2.4,3.5,7.8,4.1,clean
450A,34,0.04,39,45,86,1.8,3.9,7.6,4.4,clean
450A,35,0.04,38,45,86,1.6,3.4,7.7,4.3,clean
450A,36,0.06,39,45,86,2.1,4.9,7.7,4.4,clean
450A,37,0.97,34,45,57,12.4,5.2,5.1,7.8,unreliable below 20 Hz
450A,38,0.98,35,45,62,11.1,5.0,5.5,7.0,unreliable below 20 Hz
450A,39,0.99,35,45,62,10.5,4.8,5.9,6.9,unreliable below 20 Hz
450A,40,0.99,35,45,62,11.2,4.9,5.4,7.3,unreliable below 20 Hz
450A,41,0.98,35,45,62,11.1,5.0,4.9,7.6,unreliable below 20 Hz
450A,42,0.97,35,45,62,10.5,4.9,5.2,6.9,unreliable below 20 Hz
450A,43,0.89,35,45,62,12.5,5.1,5.5,6.8,unreliable below 20 Hz
450A,44,0.9,36,45,67,10.7,4.6,6.2,6.3,unreliable below 20 Hz
450A,45,0.9,40,45,86,10.1,4.4,6.7,6.0,unreliable below 20 Hz
450A,46,0.9,36,45,67,10.5,4.5,6.2,6.2,unreliable below 20 Hz
450A,47,0.9,36,45,67,10.6,4.4,5.6,6.7,unreliable below 20 Hz
450A,48,0.89,37,45,71,10.0,4.3,6.0,6.2,unreliable below 20 Hz
450A,49,0.78,40,45,86,8.7,4.2,7.0,6.0,unreliable below 20 Hz
450A,50,0.79,40,45,86,8.7,4.4,7.3,5.6,unreliable below 20 Hz
450A,51,0.79,40,45,86,8.0,4.2,7.6,5.3,noisy below 20 Hz
450A,52,0.79,38,45,86,8.3,4.6,7.4,5.4,unreliable below 20 Hz
450A,53,0.79,40,45,86,8.4,4.0,7.2,5.6,unreliable below 20 Hz
450A,54,0.78,41,45,90,8.8,3.5,7.0,6.0,unreliable below 20 Hz
450A,55,0.22,41,45,90,2.7,3.1,7.9,3.9,clean
450A,56,0.21,41,45,90,2.6,2.9,7.8,3.9,clean
450A,57,0.21,41,45,90,2.6,3.5,7.9,3.9,clean
450A,58,0.21,40,45,90,2.6,4.2,7.0,3.8,clean
450A,59,0.21,41,45,90,2.5,2.7,7.9,3.7,clean
450A,60,0.22,41,45,90,2.7,3.2,7.9,3.7,clean
450A,61,0.11,41,45,90,2.3,3.1,7.7,4.1,clean
450A,62,0.1,41,45,90,2.2,3.0,7.7,4.1,clean
450A,63,0.1,41,45,90,2.2,3.1,7.7,4.1,clean
450A,64,0.1,40,45,90,2.1,3.5,7.8,4.1,clean
450A,69,0.01,41,45,90,1.8,3.6,7.6,4.2,clean
450A,70,0.01,39,45,90,1.7,3.3,7.7,4.2,clean
450A,71,0.02,39,45,90,1.6,2.9,7.7,4.2,clean
450A,72,0.03,40,45,90,1.6,3.5,7.7,4.2,clean
